id,date,speaker,source_title,source_url,source_type,source_quality,exact_quote,exact_quote_zh,quote_context_before,quote_context_after,mentioned_company_raw,normalized_company_name,ticker_if_public,exchange_if_public,company_status,sector,theme_tags,sentiment_toward_company,policy_angle,investment_relevance_score,summary_zh,summary_en,confidence_score,notes
3e669e5e5551,2026-05-13,Donald J. Trump,Truth Social post (2026-05-13),https://truthsocial.com/@realDonaldTrump/116565066757116256,social_media,high,"It is an Honor to have Jensen, Elon, Tim Apple, Larry Fink, Stephen Schwarzmann, Kelly Ortberg (Boeing), Brian Sikes (Cargill), Jane Fraser (Citi), Larry Culp (GE Aerospace), David Solomon (Goldman Sachs), Sanjay Mehrotra (Micron), Cristiano Amon (Qualcomm), and many others journeying to the Great Country of China where I will be asking President Xi, a Leader of extraordinary distinction, to ""open up"" China so that these brilliant people can work their magic, and help bring the People's Republic to an even higher level!",我很荣幸有 Jensen、Elon、Tim Apple、Larry Fink、Stephen Schwarzmann、Kelly Ortberg（波音）、Brian Sikes（嘉吉）、Jane Fraser（花旗）、Larry Culp（GE 航空航天）、David Solomon（高盛）、Sanjay Mehrotra（美光）、Cristiano Amon（高通）以及许多其他人前往伟大的中国，我将在那里旅行请求杰出领袖习主席“开放”中国，让这些杰出人士发挥他们的魔力，帮助中华人民共和国迈向更高的水平！,"In actuality, Jensen is currently on Air Force One and, unless I ask him to leave, which is highly unlikely, CNBC's reporting is incorrect or, as they say in politics, FAKE NEWS!","In fact, I promise, that when we are together, which will be in a matter of hours, I will make that my very first request.",Boeing,The Boeing Company,BA,NYSE,public,Aerospace & Defense,defense|aerospace,positive,government_contract,3,"2026-05-13，特朗普在社交媒体发帖中正面提及The Boeing Company，BA；政策角度：政府采购/合同，主题：defense/aerospace。原话：「It is an Honor to have Jensen, Elon, Tim Apple, Larry Fink, Stephen Schwarzmann, Kelly Ortberg (Boeing), Brian Sikes (Cargill), Jane Fraser…」（投资相关性 3/5）。","On 2026-05-13, Trump made a positive reference to The Boeing Company (BA) via social media. Policy angle: government contract; themes: defense, aerospace. Quote: ""It is an Honor to have Jensen, Elon, Tim Apple, Larry Fink, Stephen Schwarzmann, Kelly Ortberg (Boeing), Brian Sikes (Cargill), Jane Fraser…"" (investment relevance 3/5).",4,Name-drop list: 4 companies share this sentence; relevance capped (not focused commentary).
619424332d85,2026-05-13,Donald J. Trump,Truth Social post (2026-05-13),https://truthsocial.com/@realDonaldTrump/116565066757116256,social_media,high,"It is an Honor to have Jensen, Elon, Tim Apple, Larry Fink, Stephen Schwarzmann, Kelly Ortberg (Boeing), Brian Sikes (Cargill), Jane Fraser (Citi), Larry Culp (GE Aerospace), David Solomon (Goldman Sachs), Sanjay Mehrotra (Micron), Cristiano Amon (Qualcomm), and many others journeying to the Great Country of China where I will be asking President Xi, a Leader of extraordinary distinction, to ""open up"" China so that these brilliant people can work their magic, and help bring the People's Republic to an even higher level!",我很荣幸有 Jensen、Elon、Tim Apple、Larry Fink、Stephen Schwarzmann、Kelly Ortberg（波音）、Brian Sikes（嘉吉）、Jane Fraser（花旗）、Larry Culp（GE 航空航天）、David Solomon（高盛）、Sanjay Mehrotra（美光）、Cristiano Amon（高通）以及许多其他人前往伟大的中国，我将在那里旅行请求杰出领袖习主席“开放”中国，让这些杰出人士发挥他们的魔力，帮助中华人民共和国迈向更高的水平！,"In actuality, Jensen is currently on Air Force One and, unless I ask him to leave, which is highly unlikely, CNBC's reporting is incorrect or, as they say in politics, FAKE NEWS!","In fact, I promise, that when we are together, which will be in a matter of hours, I will make that my very first request.",Qualcomm,QUALCOMM Incorporated,QCOM,NASDAQ,public,Semiconductors,defense|aerospace,positive,government_contract,3,"2026-05-13，特朗普在社交媒体发帖中正面提及QUALCOMM Incorporated，QCOM；政策角度：政府采购/合同，主题：defense/aerospace。原话：「It is an Honor to have Jensen, Elon, Tim Apple, Larry Fink, Stephen Schwarzmann, Kelly Ortberg (Boeing), Brian Sikes (Cargill), Jane Fraser…」（投资相关性 3/5）。","On 2026-05-13, Trump made a positive reference to QUALCOMM Incorporated (QCOM) via social media. Policy angle: government contract; themes: defense, aerospace. Quote: ""It is an Honor to have Jensen, Elon, Tim Apple, Larry Fink, Stephen Schwarzmann, Kelly Ortberg (Boeing), Brian Sikes (Cargill), Jane Fraser…"" (investment relevance 3/5).",4,Name-drop list: 4 companies share this sentence; relevance capped (not focused commentary).
03e3550f5370,2026-05-13,Donald J. Trump,Truth Social post (2026-05-13),https://truthsocial.com/@realDonaldTrump/116565073088871081,social_media,high,"RT @realDonaldTrumpCNBC incorrectly reported that the Great Jensen Huang, of Nvidia, was not invited to the incredible gathering of the World's Greatest Businessmen/women proudly going to China.",RT @realDonaldTrumpCNBC 错误地报道了英伟达伟大的黄仁勋没有被邀请参加世界最伟大的商人/女性自豪地前往中国的令人难以置信的聚会。,,"In actuality, Jensen is currently on Air Force One and, unless I ask him to leave, which is highly unlikely, CNBC's reporting is incorrect or, as they say in politics, FAKE NEWS!",Nvidia,NVIDIA Corporation,NVDA,NASDAQ,public,Semiconductors,defense|aerospace,positive,government_contract,5,"2026-05-13，特朗普在社交媒体发帖中正面提及NVIDIA Corporation，NVDA；政策角度：政府采购/合同，主题：defense/aerospace。原话：「RT @realDonaldTrumpCNBC incorrectly reported that the Great Jensen Huang, of Nvidia, was not invited to the incredible gathering of the Wor…」（投资相关性 5/5）。","On 2026-05-13, Trump made a positive reference to NVIDIA Corporation (NVDA) via social media. Policy angle: government contract; themes: defense, aerospace. Quote: ""RT @realDonaldTrumpCNBC incorrectly reported that the Great Jensen Huang, of Nvidia, was not invited to the incredible gathering of the Wor…"" (investment relevance 5/5).",4,Also reported by: Truth Social post (2026-05-13) (https://truthsocial.com/@realDonaldTrump/116565066757116256)
5d57ab75de56,2026-05-13,Donald J. Trump,Truth Social post (2026-05-13),https://truthsocial.com/@realDonaldTrump/116565066757116256,social_media,high,"It is an Honor to have Jensen, Elon, Tim Apple, Larry Fink, Stephen Schwarzmann, Kelly Ortberg (Boeing), Brian Sikes (Cargill), Jane Fraser (Citi), Larry Culp (GE Aerospace), David Solomon (Goldman Sachs), Sanjay Mehrotra (Micron), Cristiano Amon (Qualcomm), and many others journeying to the Great Country of China where I will be asking President Xi, a Leader of extraordinary distinction, to ""open up"" China so that these brilliant people can work their magic, and help bring the People's Republic to an even higher level!",我很荣幸有 Jensen、Elon、Tim Apple、Larry Fink、Stephen Schwarzmann、Kelly Ortberg（波音）、Brian Sikes（嘉吉）、Jane Fraser（花旗）、Larry Culp（GE 航空航天）、David Solomon（高盛）、Sanjay Mehrotra（美光）、Cristiano Amon（高通）以及许多其他人前往伟大的中国，我将在那里旅行请求杰出领袖习主席“开放”中国，让这些杰出人士发挥他们的魔力，帮助中华人民共和国迈向更高的水平！,"In actuality, Jensen is currently on Air Force One and, unless I ask him to leave, which is highly unlikely, CNBC's reporting is incorrect or, as they say in politics, FAKE NEWS!","In fact, I promise, that when we are together, which will be in a matter of hours, I will make that my very first request.",Micron,"Micron Technology, Inc.",MU,NASDAQ,public,Semiconductors — Memory,defense|aerospace,positive,government_contract,3,"2026-05-13，特朗普在社交媒体发帖中正面提及Micron Technology, Inc.，MU；政策角度：政府采购/合同，主题：defense/aerospace。原话：「It is an Honor to have Jensen, Elon, Tim Apple, Larry Fink, Stephen Schwarzmann, Kelly Ortberg (Boeing), Brian Sikes (Cargill), Jane Fraser…」（投资相关性 3/5）。","On 2026-05-13, Trump made a positive reference to Micron Technology, Inc. (MU) via social media. Policy angle: government contract; themes: defense, aerospace. Quote: ""It is an Honor to have Jensen, Elon, Tim Apple, Larry Fink, Stephen Schwarzmann, Kelly Ortberg (Boeing), Brian Sikes (Cargill), Jane Fraser…"" (investment relevance 3/5).",4,Name-drop list: 4 companies share this sentence; relevance capped (not focused commentary).
d92596fde61a,2026-05-13,Donald J. Trump,Truth Social post (2026-05-13),https://truthsocial.com/@realDonaldTrump/116565066757116256,social_media,high,"It is an Honor to have Jensen, Elon, Tim Apple, Larry Fink, Stephen Schwarzmann, Kelly Ortberg (Boeing), Brian Sikes (Cargill), Jane Fraser (Citi), Larry Culp (GE Aerospace), David Solomon (Goldman Sachs), Sanjay Mehrotra (Micron), Cristiano Amon (Qualcomm), and many others journeying to the Great Country of China where I will be asking President Xi, a Leader of extraordinary distinction, to ""open up"" China so that these brilliant people can work their magic, and help bring the People's Republic to an even higher level!",我很荣幸有 Jensen、Elon、Tim Apple、Larry Fink、Stephen Schwarzmann、Kelly Ortberg（波音）、Brian Sikes（嘉吉）、Jane Fraser（花旗）、Larry Culp（GE 航空航天）、David Solomon（高盛）、Sanjay Mehrotra（美光）、Cristiano Amon（高通）以及许多其他人前往伟大的中国，我将在那里旅行请求杰出领袖习主席“开放”中国，让这些杰出人士发挥他们的魔力，帮助中华人民共和国迈向更高的水平！,"In actuality, Jensen is currently on Air Force One and, unless I ask him to leave, which is highly unlikely, CNBC's reporting is incorrect or, as they say in politics, FAKE NEWS!","In fact, I promise, that when we are together, which will be in a matter of hours, I will make that my very first request.",Apple,Apple Inc.,AAPL,NASDAQ,public,Technology — Consumer Electronics,defense|aerospace,positive,government_contract,3,"2026-05-13，特朗普在社交媒体发帖中正面提及Apple Inc.，AAPL；政策角度：政府采购/合同，主题：defense/aerospace。原话：「It is an Honor to have Jensen, Elon, Tim Apple, Larry Fink, Stephen Schwarzmann, Kelly Ortberg (Boeing), Brian Sikes (Cargill), Jane Fraser…」（投资相关性 3/5）。","On 2026-05-13, Trump made a positive reference to Apple Inc. (AAPL) via social media. Policy angle: government contract; themes: defense, aerospace. Quote: ""It is an Honor to have Jensen, Elon, Tim Apple, Larry Fink, Stephen Schwarzmann, Kelly Ortberg (Boeing), Brian Sikes (Cargill), Jane Fraser…"" (investment relevance 3/5).",4,Name-drop list: 4 companies share this sentence; relevance capped (not focused commentary).
8471da905389,2026-05-08,Donald J. Trump,Remarks at the Mother's Day Luncheon (White House),https://rollcall.com/factbase/trump/transcript/donald-trump-remarks-luncheon-mothers-day-white-house-may-8-2026/,white_house,high,And I want to thank the Dell family; it's a great family.,我要感谢戴尔家族；这是一个很棒的家庭。,,He is amazing; she is amazing.,Dell,Dell Technologies Inc.,DELL,NYSE,public,Technology — Hardware,defense,positive,government_contract,5,2026-05-08，特朗普在白宫官方讲话中正面提及Dell Technologies Inc.，DELL；政策角度：政府采购/合同，主题：defense。原话：「And I want to thank the Dell family; it's a great family.」（投资相关性 5/5）。,"On 2026-05-08, Trump made a positive reference to Dell Technologies Inc. (DELL) via white house. Policy angle: government contract; themes: defense. Quote: ""And I want to thank the Dell family; it's a great family."" (investment relevance 5/5).",4,"WH Mother's Day Luncheon spoken remarks (Roll Call/Factbase transcript). Key line: ""So, go out and buy a Dell, they're great."" Context: the Dell family pledged $6.25B to ""Trump Accounts"". INVESTMENT LEAD PLAYED OUT — Dell won a ~$9.7B Pentagon software contract weeks later (CNBC 2026-05-27; WaPo 2026-05-28); Trump reportedly bought Dell stock in Feb 2026, drawing ethics scrutiny. Reuters URL not confirmed; transcript used as primary source."
0cd72bbdddaa,2026-04-29,Donald J. Trump,Truth Social post (2026-04-29),https://truthsocial.com/@realDonaldTrump/116490320065457761,social_media,high,"Congratulations to Intel on doing such a great job and, more importantly, congratulations to the People of the United States for making such a good investment!",祝贺英特尔做了如此出色的工作，更重要的是祝贺美国人民做出了如此好的投资！,"There are others that, likewise, I have been very successful with by taking pieces of the Equity for support.",President DONALD J.,Intel,Intel Corporation,INTC,NASDAQ,public,Semiconductors,other,positive,unknown,3,"2026-04-29，特朗普在社交媒体发帖中正面提及Intel Corporation，INTC；政策角度：政策含义不明确，主题：other。原话：「Congratulations to Intel on doing such a great job and, more importantly, congratulations to the People of the United States for making suc…」（投资相关性 3/5）。","On 2026-04-29, Trump made a positive reference to Intel Corporation (INTC) via social media. Policy angle: unknown; themes: other. Quote: ""Congratulations to Intel on doing such a great job and, more importantly, congratulations to the People of the United States for making suc…"" (investment relevance 3/5).",4,"Same source also mentions company: ""Intel Stock continues to rise."""
1309d4bc3691,2026-04-21,Donald J. Trump,Truth Social post (2026-04-21),https://truthsocial.com/@realDonaldTrump/116445317344745621,social_media,high,"Barack Hussein Obama gave them 1.7 Billion Dollars in ""Green"" Cash, flown in by a Boeing 757 to their leaders, and Hundreds of Billions of Dollars in order to help them on their way to a Nuclear Bomb.",巴拉克·侯赛因·奥巴马 (Barack Hussein Obama) 向他们提供了 17 亿美元的“绿色”现金，由一架波音 757 空运给他们的领导人，并提供了数千亿美元，以帮助他们走向核弹之路。,"Their entire Navy is at the bottom of the Sea, their Air Force is gone, their Anti Aircraft and Radar is wiped out, their Nuclear Labs and Storage Areas were OBLITERATED late one dark June evening by our Great B-2 Bombers, their leaders are DEAD, including General Soleimani, their evil genius who destroyed the lives of so many with his favored roadside bombs, the Strait of Hormuz is BLOCKADED and totally controlled by the U.S., with no Ships allowed to go to Iranian Ports — It is said that they are losing 500 Million Dollars a day because of this — Their Country is an Economic Catastrophe, that is hanging by a thread.","Other Presidents did nothing to stop them, a BLIGHT on the Office of the Presidency!",Boeing,The Boeing Company,BA,NYSE,public,Aerospace & Defense,defense|energy|aerospace|infrastructure,positive,government_contract,5,"2026-04-21，特朗普在社交媒体发帖中正面提及The Boeing Company，BA；政策角度：政府采购/合同，主题：defense/energy/aerospace/infrastructure。原话：「Barack Hussein Obama gave them 1.7 Billion Dollars in ""Green"" Cash, flown in by a Boeing 757 to their leaders, and Hundreds of Billions of …」（投资相关性 5/5）。","On 2026-04-21, Trump made a positive reference to The Boeing Company (BA) via social media. Policy angle: government contract; themes: defense, energy, aerospace, infrastructure. Quote: ""Barack Hussein Obama gave them 1.7 Billion Dollars in ""Green"" Cash, flown in by a Boeing 757 to their leaders, and Hundreds of Billions of …"" (investment relevance 5/5).",4,
c0e7b75a18de,2026-04-21,Donald J. Trump,Truth Social post (2026-04-21),https://truthsocial.com/@realDonaldTrump/116442276577696798,social_media,high,"Anyway, Tim Cook had an AMAZING career, almost incomparable, and will go on and continue to do great work for Apple, and whatever else he chooses to work on.",不管怎样，蒂姆·库克有着令人惊叹的职业生涯，几乎是无与伦比的，他将继续为苹果公司以及他选择从事的其他工作做出伟大的工作。,"He makes these calls to me, I help him out (but not always, because he will, on occasion, be too aggressive in his ask!), and he gets the job done, QUICKLY, without a dime being given to those very expensive (millions of dollars!) consultants around town who sometimes get it done, and sometimes don't.","Quite simply, Tim Cook is an incredible guy!!!",Apple,Apple Inc.,AAPL,NASDAQ,public,Technology — Consumer Electronics,other,positive,unknown,3,"2026-04-21，特朗普在社交媒体发帖中正面提及Apple Inc.，AAPL；政策角度：政策含义不明确，主题：other。原话：「Anyway, Tim Cook had an AMAZING career, almost incomparable, and will go on and continue to do great work for Apple, and whatever else he c…」（投资相关性 3/5）。","On 2026-04-21, Trump made a positive reference to Apple Inc. (AAPL) via social media. Policy angle: unknown; themes: other. Quote: ""Anyway, Tim Cook had an AMAZING career, almost incomparable, and will go on and continue to do great work for Apple, and whatever else he c…"" (investment relevance 3/5).",4,"Same source also mentions company: ""When I got the call I said, wow, it's Tim Apple (Cook!) calling, how big is that?"" | Same source also mentions company: ""I was very impressed with myself to have the head of Apple calling to ""kiss my ass."""
119ad5aee5f7,2026-04-20,Donald J. Trump,Truth Social post (2026-04-20),https://truthsocial.com/@realDonaldTrump/116438239629407600,social_media,high,"They actually gave $1.7 Billion Dollars in ""GREEN"" Cash, loaded into a Boeing 757, and flown to Iran for Iranian leadership to spend anyway they saw fit.",他们实际上捐赠了 17 亿美元的“绿色”现金，装上一架波音 757，飞往伊朗，供伊朗领导人按照他们认为合适的方式进行支出。,"It was a guaranteed Road to a Nuclear Weapon, which will not, and cannot, happen with the Deal we're working on.","He emptied out all of the Cash from Banks in D.C., Virginia, and Maryland.",Boeing,The Boeing Company,BA,NYSE,public,Aerospace & Defense,energy,neutral,unknown,5,"2026-04-20，特朗普在社交媒体发帖中中性提及The Boeing Company，BA；政策角度：政策含义不明确，主题：energy。原话：「They actually gave $1.7 Billion Dollars in ""GREEN"" Cash, loaded into a Boeing 757, and flown to Iran for Iranian leadership to spend anyway…」（投资相关性 5/5）。","On 2026-04-20, Trump made a neutral reference to The Boeing Company (BA) via social media. Policy angle: unknown; themes: energy. Quote: ""They actually gave $1.7 Billion Dollars in ""GREEN"" Cash, loaded into a Boeing 757, and flown to Iran for Iranian leadership to spend anyway…"" (investment relevance 5/5).",4,
1cb8036f2a95,2026-04-17,Donald J. Trump,Truth Social post (2026-04-17),https://truthsocial.com/@realDonaldTrump/116421668823698549,social_media,high,Trump Effect: Apple Expands American Manufacturing Program with 4 Partners: https://www.breitbart.com/tech/2026/03/26/trump-effect-apple-expands-american-manufacturing-program-with-4-partners/,特朗普效应：苹果与 4 个合作伙伴扩大美国制造计划：https://www.breitbart.com/tech/2026/03/26/trump-effect-apple-expands-american-manufacturing-program-with-4-partners/,,,Apple,Apple Inc.,AAPL,NASDAQ,public,Technology — Consumer Electronics,manufacturing,neutral,unknown,5,2026-04-17，特朗普在社交媒体发帖中中性提及Apple Inc.，AAPL；政策角度：政策含义不明确，主题：manufacturing。原话：「Trump Effect: Apple Expands American Manufacturing Program with 4 Partners: https://www.breitbart.com/tech/2026/03/26/trump-effect-apple-ex…」（投资相关性 5/5）。,"On 2026-04-17, Trump made a neutral reference to Apple Inc. (AAPL) via social media. Policy angle: unknown; themes: manufacturing. Quote: ""Trump Effect: Apple Expands American Manufacturing Program with 4 Partners: https://www.breitbart.com/tech/2026/03/26/trump-effect-apple-ex…"" (investment relevance 5/5).",4,
f94962dccc95,2026-04-16,Donald J. Trump,"Remarks During a Roundtable Discussion on Tax Code Reform in Las Vegas, Nevada",https://www.presidency.ucsb.edu/documents/remarks-during-roundtable-discussion-tax-code-reform-las-vegas-nevada,white_house,high,We created the brandnew Trump Accounts with Michael and Susan Dell.,我们与迈克尔和苏珊·戴尔一起创建了全新的特朗普账户。,Homeschool expenditures tax deductible.,The Dell family—they're great.,Dell,Dell Technologies Inc.,DELL,NYSE,public,Technology — Hardware,other,positive,unknown,3,2026-04-16，特朗普在白宫官方讲话中正面提及Dell Technologies Inc.，DELL；政策角度：政策含义不明确，主题：other。原话：「We created the brandnew Trump Accounts with Michael and Susan Dell.」（投资相关性 3/5）。,"On 2026-04-16, Trump made a positive reference to Dell Technologies Inc. (DELL) via white house. Policy angle: unknown; themes: other. Quote: ""We created the brandnew Trump Accounts with Michael and Susan Dell."" (investment relevance 3/5).",4,"Same source also mentions company: ""The Dell family—they're great."" | Same source also mentions company: ""So I just want to thank the Dell family."" | Same source also mentions company: ""Great philanthropists like Michael, Susan Dell are adding to that."""
1c232b2e785b,2026-04-16,Donald J. Trump,"Remarks During a Roundtable Discussion on Tax Code Reform in Las Vegas, Nevada",https://www.presidency.ucsb.edu/documents/remarks-during-roundtable-discussion-tax-code-reform-las-vegas-nevada,white_house,high,"It was a little bit of a—you know, I mean, to be honest, it was a little tacky. [ Laughter ] You know, they come up with these crazy ideas, like McDonald's, although that was the biggest ever on Google.",这有点——你知道，我的意思是，说实话，有点俗气。 [笑声] 你知道，他们想出了这些疯狂的想法，比如麦当劳，尽管那是谷歌有史以来最大的想法。,Sharon delivered McDonald's to the Oval Office.,They say number one ever.,Google,Alphabet Inc. (Google),GOOGL,NASDAQ,public,Technology — Internet,other,neutral,unknown,2,"2026-04-16，特朗普在白宫官方讲话中中性提及Alphabet Inc. (Google)，GOOGL；政策角度：政策含义不明确，主题：other。原话：「It was a little bit of a—you know, I mean, to be honest, it was a little tacky. [ Laughter ] You know, they come up with these crazy ideas,…」（投资相关性 2/5）。","On 2026-04-16, Trump made a neutral reference to Alphabet Inc. (Google) (GOOGL) via white house. Policy angle: unknown; themes: other. Quote: ""It was a little bit of a—you know, I mean, to be honest, it was a little tacky. [ Laughter ] You know, they come up with these crazy ideas,…"" (investment relevance 2/5).",4,
9929611861e9,2026-04-10,Donald J. Trump,Truth Social post (2026-04-10),https://truthsocial.com/@realDonaldTrump/116380894672815869,social_media,high,Palantir Technologies (PLTR) has proven to have great war fighting capabilities and equipment.,Palantir Technologies (PLTR) 已被证明拥有强大的作战能力和装备。,,Just ask our enemies!!!,Palantir,Palantir Technologies Inc.,PLTR,NASDAQ,public,AI software / analytics (AIP),other,positive,unknown,3,2026-04-10，特朗普在社交媒体发帖中正面提及Palantir Technologies Inc.，PLTR；政策角度：政策含义不明确，主题：other。原话：「Palantir Technologies (PLTR) has proven to have great war fighting capabilities and equipment.」（投资相关性 3/5）。,"On 2026-04-10, Trump made a positive reference to Palantir Technologies Inc. (PLTR) via social media. Policy angle: unknown; themes: other. Quote: ""Palantir Technologies (PLTR) has proven to have great war fighting capabilities and equipment."" (investment relevance 3/5).",4,
5c2ae452cc98,2026-03-27,Donald J. Trump,"Remarks and a Question-and-Answer Session at the Future Investment Initiative Priority Miami Summit in Miami Beach, Florida",https://www.presidency.ucsb.edu/documents/remarks-and-question-and-answer-session-the-future-investment-initiative-priority-miami,white_house,high,"Boeing is selling dozens of 737 airplanes in a deal valued at $4.8 billion and supporting approximately 20,000 U.S. jobs.","波音公司正在出售数十架 737 飞机，交易价值达 48 亿美元，为美国提供约 20,000 个就业岗位。","You're going to have a big, big success with the deal he made.","And during our trip, the United States and Saudi Arabia and, I must say also, Qatar—we visited; they were fantastic—and U.A.E. we visited; they were fantastic.",Boeing,The Boeing Company,BA,NYSE,public,Aerospace & Defense,other,positive,unknown,3,"2026-03-27，特朗普在白宫官方讲话中正面提及The Boeing Company，BA；政策角度：政策含义不明确，主题：other。原话：「Boeing is selling dozens of 737 airplanes in a deal valued at $4.8 billion and supporting approximately 20,000 U.S. jobs.」（投资相关性 3/5）。","On 2026-03-27, Trump made a positive reference to The Boeing Company (BA) via white house. Policy angle: unknown; themes: other. Quote: ""Boeing is selling dozens of 737 airplanes in a deal valued at $4.8 billion and supporting approximately 20,000 U.S. jobs."" (investment relevance 3/5).",4,"Same source also mentions company: ""He paid them—remember he sent two 757—Boeing 757 jetliners?"""
583f782023df,2026-03-27,Donald J. Trump,"Remarks and a Question-and-Answer Session at the Future Investment Initiative Priority Miami Summit in Miami Beach, Florida",https://www.presidency.ucsb.edu/documents/remarks-and-question-and-answer-session-the-future-investment-initiative-priority-miami,white_house,high,As just a few examples of these new partnerships: Oracle will be building a $14 billion worth of cloud computing and AI infrastructure in the Kingdom.,Error 500 (Server Error)!!1500.That’s an error.There was an error. Please try again later.That’s all we know.,"And on that first foreign trip of my Presidency last May, the Crown Prince announced that Saudi Arabia would be investing an incredible almost $1 trillion in the United States, which he later increased.","I didn't know that, David.",Oracle,Oracle Corporation,ORCL,NYSE,public,Technology — Software / Cloud,AI|cloud|infrastructure,positive,manufacturing_reshoring,5,2026-03-27，特朗普在白宫官方讲话中正面提及Oracle Corporation，ORCL；政策角度：制造业回流，主题：AI/cloud/infrastructure。原话：「As just a few examples of these new partnerships: Oracle will be building a $14 billion worth of cloud computing and AI infrastructure in t…」（投资相关性 5/5）。,"On 2026-03-27, Trump made a positive reference to Oracle Corporation (ORCL) via white house. Policy angle: manufacturing reshoring; themes: AI, cloud, infrastructure. Quote: ""As just a few examples of these new partnerships: Oracle will be building a $14 billion worth of cloud computing and AI infrastructure in t…"" (investment relevance 5/5).",4,
5f859a208e29,2026-03-27,Donald J. Trump,"Remarks and a Question-and-Answer Session at the Future Investment Initiative Priority Miami Summit in Miami Beach, Florida",https://www.presidency.ucsb.edu/documents/remarks-and-question-and-answer-session-the-future-investment-initiative-priority-miami,white_house,high,"We won the court case in about 1 hour, and Google Maps changed the name, and it's now the Gulf of America, which it should be, in all fairness.",我们在大约 1 小时内赢得了官司，谷歌地图更改了名称，现在是美洲湾，平心而论，它应该是。,"Oh, it's so."" [ Laughter ] And then Google Maps changed it.","We're crushing Iran's weapons stockpiles, destroying their missile and drone factories at levels nobody ever thought was possible, and turning their defense industrial base into nothing.",Google,Alphabet Inc. (Google),GOOGL,NASDAQ,public,Technology — Internet,defense|manufacturing,neutral,unknown,5,"2026-03-27，特朗普在白宫官方讲话中中性提及Alphabet Inc. (Google)，GOOGL；政策角度：政策含义不明确，主题：defense/manufacturing。原话：「We won the court case in about 1 hour, and Google Maps changed the name, and it's now the Gulf of America, which it should be, in all fairn…」（投资相关性 5/5）。","On 2026-03-27, Trump made a neutral reference to Alphabet Inc. (Google) (GOOGL) via white house. Policy angle: unknown; themes: defense, manufacturing. Quote: ""We won the court case in about 1 hour, and Google Maps changed the name, and it's now the Gulf of America, which it should be, in all fairn…"" (investment relevance 5/5).",4,"Same source also mentions company: ""Oh, it's so."" [ Laughter ] And then Google Maps changed it."""
8f19a31e4cdd,2026-03-26,Donald J. Trump,Remarks at a Greek Independence Day Celebration,https://www.presidency.ucsb.edu/documents/remarks-greek-independence-day-celebration-4,white_house,high,Red Apple Group Founder John A.,红苹果集团创始人约翰·A.,We've known each other too long.,Catsimatidis.,Apple,Apple Inc.,AAPL,NASDAQ,public,Technology — Consumer Electronics,other,neutral,unknown,2,2026-03-26，特朗普在白宫官方讲话中中性提及Apple Inc.，AAPL；政策角度：政策含义不明确，主题：other。原话：「Red Apple Group Founder John A.」（投资相关性 2/5）。,"On 2026-03-26, Trump made a neutral reference to Apple Inc. (AAPL) via white house. Policy angle: unknown; themes: other. Quote: ""Red Apple Group Founder John A."" (investment relevance 2/5).",4,
65f67ec684e0,2026-03-19,Donald J. Trump,Remarks Prior to a Meeting With Prime Minister Takaichi Sanae of Japan and an Exchange With Reporters,https://www.presidency.ucsb.edu/documents/remarks-prior-meeting-with-prime-minister-takaichi-sanae-japan-and-exchange-with-reporters,white_house,high,Lockheed is building five or six factories.,洛克希德公司正在建设五六家工厂。,And Raytheon is building four factories.,"And they're—they're building them fast, because we had a very tough meeting with them.",Lockheed,Lockheed Martin Corporation,LMT,NYSE,public,Aerospace & Defense,manufacturing,neutral,unknown,5,2026-03-19，特朗普在白宫官方讲话中中性提及Lockheed Martin Corporation，LMT；政策角度：政策含义不明确，主题：manufacturing。原话：「Lockheed is building five or six factories.」（投资相关性 5/5）。,"On 2026-03-19, Trump made a neutral reference to Lockheed Martin Corporation (LMT) via white house. Policy angle: unknown; themes: manufacturing. Quote: ""Lockheed is building five or six factories."" (investment relevance 5/5).",4,
00d3af46f21c,2026-03-06,Donald J. Trump,Truth Social post (2026-03-06),https://truthsocial.com/@realDonaldTrump/116184185735585906,social_media,high,"The Companies represented were the CEOs of BAE Systems, Boeing, Honeywell Aerospace, L3Harris Missile Solutions, Lockheed Martin, Northrop Grumman, and Raytheon.",代表公司包括 BAE Systems、波音公司、霍尼韦尔航空航天公司、L3Harris Missile Solutions、洛克希德·马丁公司、诺斯罗普·格鲁曼公司和雷神公司的首席执行官。,"Regardless, however, we have also increased Orders at these levels.",The meeting concluded with another meeting scheduled in two months.,Boeing,The Boeing Company,BA,NYSE,public,Aerospace & Defense,defense|aerospace,neutral,unknown,5,"2026-03-06，特朗普在社交媒体发帖中中性提及The Boeing Company，BA；政策角度：政策含义不明确，主题：defense/aerospace。原话：「The Companies represented were the CEOs of BAE Systems, Boeing, Honeywell Aerospace, L3Harris Missile Solutions, Lockheed Martin, Northrop …」（投资相关性 5/5）。","On 2026-03-06, Trump made a neutral reference to The Boeing Company (BA) via social media. Policy angle: unknown; themes: defense, aerospace. Quote: ""The Companies represented were the CEOs of BAE Systems, Boeing, Honeywell Aerospace, L3Harris Missile Solutions, Lockheed Martin, Northrop …"" (investment relevance 5/5).",4,
d01abad16e10,2026-03-06,Donald J. Trump,Truth Social post (2026-03-06),https://truthsocial.com/@realDonaldTrump/116184185735585906,social_media,high,"The Companies represented were the CEOs of BAE Systems, Boeing, Honeywell Aerospace, L3Harris Missile Solutions, Lockheed Martin, Northrop Grumman, and Raytheon.",代表公司包括 BAE Systems、波音公司、霍尼韦尔航空航天公司、L3Harris Missile Solutions、洛克希德·马丁公司、诺斯罗普·格鲁曼公司和雷神公司的首席执行官。,"Regardless, however, we have also increased Orders at these levels.",The meeting concluded with another meeting scheduled in two months.,Lockheed Martin,Lockheed Martin Corporation,LMT,NYSE,public,Aerospace & Defense,defense|aerospace,neutral,unknown,5,"2026-03-06，特朗普在社交媒体发帖中中性提及Lockheed Martin Corporation，LMT；政策角度：政策含义不明确，主题：defense/aerospace。原话：「The Companies represented were the CEOs of BAE Systems, Boeing, Honeywell Aerospace, L3Harris Missile Solutions, Lockheed Martin, Northrop …」（投资相关性 5/5）。","On 2026-03-06, Trump made a neutral reference to Lockheed Martin Corporation (LMT) via social media. Policy angle: unknown; themes: defense, aerospace. Quote: ""The Companies represented were the CEOs of BAE Systems, Boeing, Honeywell Aerospace, L3Harris Missile Solutions, Lockheed Martin, Northrop …"" (investment relevance 5/5).",4,
a1e18e8961ff,2026-02-27,Donald J. Trump,Truth Social post (2026-02-27),https://truthsocial.com/@realDonaldTrump/116144058486971927,social_media,high,The alleged bias of Apple News: Ex-liberal mag editor tasked to handpick stories for millions of iPhone users: https://www.foxnews.com/media/alleged-bias-apple-news-ex-liberal-mag-editor-tasked-handpick-stories-millions-iphone-users,Apple News 涉嫌偏见：前自由派杂志编辑负责为数百万 iPhone 用户精心挑选故事：https://www.foxnews.com/media/alleged-bias-apple-news-ex-liberal-mag-editor-tasked-handpick-stories-millions-iphone-users,,,Apple,Apple Inc.,AAPL,NASDAQ,public,Technology — Consumer Electronics,consumer,neutral,unknown,2,2026-02-27，特朗普在社交媒体发帖中中性提及Apple Inc.，AAPL；政策角度：政策含义不明确，主题：consumer。原话：「The alleged bias of Apple News: Ex-liberal mag editor tasked to handpick stories for millions of iPhone users: https://www.foxnews.com/medi…」（投资相关性 2/5）。,"On 2026-02-27, Trump made a neutral reference to Apple Inc. (AAPL) via social media. Policy angle: unknown; themes: consumer. Quote: ""The alleged bias of Apple News: Ex-liberal mag editor tasked to handpick stories for millions of iPhone users: https://www.foxnews.com/medi…"" (investment relevance 2/5).",4,
8c257f8c47b1,2026-02-27,Donald J. Trump,Truth Social post (2026-02-27),https://truthsocial.com/@realDonaldTrump/116144057341130700,social_media,high,Apple News Continues Rejection of Right-Leaning Outlets in January: https://mrcfreespeechamerica.org/blogs/free-speech/heather-moon/2026/02/04/apple-news-continues-rejection-right-leaning-outlets,Apple News 一月份继续拒绝右倾媒体：https://mrcfreespeechamerica.org/blogs/free-speech/heather-moon/2026/02/04/apple-news-continues-rejection-right-leaning-outlets,,,Apple,Apple Inc.,AAPL,NASDAQ,public,Technology — Consumer Electronics,other,neutral,unknown,2,2026-02-27，特朗普在社交媒体发帖中中性提及Apple Inc.，AAPL；政策角度：政策含义不明确，主题：other。原话：「Apple News Continues Rejection of Right-Leaning Outlets in January: https://mrcfreespeechamerica.org/blogs/free-speech/heather-moon/2026/02…」（投资相关性 2/5）。,"On 2026-02-27, Trump made a neutral reference to Apple Inc. (AAPL) via social media. Policy angle: unknown; themes: other. Quote: ""Apple News Continues Rejection of Right-Leaning Outlets in January: https://mrcfreespeechamerica.org/blogs/free-speech/heather-moon/2026/02…"" (investment relevance 2/5).",4,
2ea87d98e27d,2026-02-27,Donald J. Trump,Truth Social post (2026-02-27),https://truthsocial.com/@realDonaldTrump/116143350148522906,social_media,high,Trump FTC sends letter to Apple about alleged political bias in its news app: https://www.foxnews.com/media/trump-ftc-sends-letter-apple-over-alleged-political-bias-its-news-app,特朗普联邦贸易委员会就其新闻应用程序中涉嫌政治偏见致信苹果：https://www.foxnews.com/media/trump-ftc-sends-letter-apple-over-alleged-political-bias-its-news-app,,,Apple,Apple Inc.,AAPL,NASDAQ,public,Technology — Consumer Electronics,other,neutral,unknown,2,2026-02-27，特朗普在社交媒体发帖中中性提及Apple Inc.，AAPL；政策角度：政策含义不明确，主题：other。原话：「Trump FTC sends letter to Apple about alleged political bias in its news app: https://www.foxnews.com/media/trump-ftc-sends-letter-apple-ov…」（投资相关性 2/5）。,"On 2026-02-27, Trump made a neutral reference to Apple Inc. (AAPL) via social media. Policy angle: unknown; themes: other. Quote: ""Trump FTC sends letter to Apple about alleged political bias in its news app: https://www.foxnews.com/media/trump-ftc-sends-letter-apple-ov…"" (investment relevance 2/5).",4,
183192506640,2026-02-27,Donald J. Trump,Truth Social post (2026-02-27),https://truthsocial.com/@realDonaldTrump/116143347703798250,social_media,high,Apple News promotes left-leaning media outlets — as it shuts out conservative sites entirely: study: https://nypost.com/2026/02/10/business/apple-news-promotes-left-leaning-media-outlets-as-it-shuts-out-conservative-sites-entirely-study/,苹果新闻提倡左倾媒体——因为它完全封锁保守网站：研究：https://nypost.com/2026/02/10/business/apple-news-promotes-left-leaning-media-outlets-as-it-shuts-out-conservative-sites-entirely-study/,,,Apple,Apple Inc.,AAPL,NASDAQ,public,Technology — Consumer Electronics,other,neutral,unknown,2,2026-02-27，特朗普在社交媒体发帖中中性提及Apple Inc.，AAPL；政策角度：政策含义不明确，主题：other。原话：「Apple News promotes left-leaning media outlets — as it shuts out conservative sites entirely: study: https://nypost.com/2026/02/10/business…」（投资相关性 2/5）。,"On 2026-02-27, Trump made a neutral reference to Apple Inc. (AAPL) via social media. Policy angle: unknown; themes: other. Quote: ""Apple News promotes left-leaning media outlets — as it shuts out conservative sites entirely: study: https://nypost.com/2026/02/10/business…"" (investment relevance 2/5).",4,
e79c3bcba1c0,2026-02-27,Donald J. Trump,Truth Social post (2026-02-27),https://truthsocial.com/@realDonaldTrump/116144552969293195,social_media,high,"Anthropic better get their act together, and be helpful during this phase out period, or I will use the Full Power of the Presidency to make them comply, with major civil and criminal consequences to follow.",人类最好齐心协力，在这个逐步停止的时期提供帮助，否则我将动用总统的全部权力让他们遵守，随之而来的是重大的民事和刑事后果。,"There will be a Six Month phase out period for Agencies like the Department of War who are using Anthropic's products, at various levels.","WE will decide the fate of our Country — NOT some out-of-control, Radical Left AI company run by people who have no idea what the real World is all about.",Anthropic,Anthropic,,,private,Artificial Intelligence — frontier model lab,AI,neutral,unknown,5,"2026-02-27，特朗普在社交媒体发帖中中性提及Anthropic；政策角度：政策含义不明确，主题：AI。原话：「Anthropic better get their act together, and be helpful during this phase out period, or I will use the Full Power of the Presidency to mak…」（投资相关性 5/5）。","On 2026-02-27, Trump made a neutral reference to Anthropic via social media. Policy angle: unknown; themes: AI. Quote: ""Anthropic better get their act together, and be helpful during this phase out period, or I will use the Full Power of the Presidency to mak…"" (investment relevance 5/5).",4,"Same source also mentions company: ""The Leftwing nut jobs at Anthropic have made a DISASTROUS MISTAKE trying to STRONG-ARM the Department of War, and force them to obey their Terms of Service instead of our Constitution."" | Same source also mentions company: ""Therefore, I am directing EVERY Federal Agency in the United States Government to IMMEDIATELY CEASE all use of Anthropic's technology."" | Same source also mentions company: ""There will be a Six Month phase out period for Agencies like the Department of War who are using Anthropic's products, at various levels."""
438294e4bb70,2026-02-20,Donald J. Trump,The President's News Conference,https://www.presidency.ucsb.edu/documents/the-presidents-news-conference-1274,white_house,high,"For 30 years—longer—they made chip, chip, chip, and they put our companies—Intel would be, now, the largest company.",30 年来——更长的时间——他们制造芯片、芯片、芯片，他们让我们的公司——英特尔现在成为最大的公司。,They made chips.,I saved Intel.,Intel,Intel Corporation,INTC,NASDAQ,public,Semiconductors,semiconductor,neutral,unknown,5,"2026-02-20，特朗普在白宫官方讲话中中性提及Intel Corporation，INTC；政策角度：政策含义不明确，主题：semiconductor。原话：「For 30 years—longer—they made chip, chip, chip, and they put our companies—Intel would be, now, the largest company.」（投资相关性 5/5）。","On 2026-02-20, Trump made a neutral reference to Intel Corporation (INTC) via white house. Policy angle: unknown; themes: semiconductor. Quote: ""For 30 years—longer—they made chip, chip, chip, and they put our companies—Intel would be, now, the largest company."" (investment relevance 5/5).",4,"Same source also mentions company: ""I saved Intel."""
cd65c1ebc677,2026-02-11,Donald J. Trump,Truth Social post (2026-02-11),https://truthsocial.com/@realDonaldTrump/116050559055597383,social_media,high,Apple News promotes left-leaning media outlets — as it shuts out conservative sites entirely: study: https://nypost.com/2026/02/10/business/apple-news-promotes-left-leaning-media-outlets-as-it-shuts-out-conservative-sites-entirely-study/,苹果新闻提倡左倾媒体——因为它完全封锁保守网站：研究：https://nypost.com/2026/02/10/business/apple-news-promotes-left-leaning-media-outlets-as-it-shuts-out-conservative-sites-entirely-study/,,,Apple,Apple Inc.,AAPL,NASDAQ,public,Technology — Consumer Electronics,other,neutral,unknown,2,2026-02-11，特朗普在社交媒体发帖中中性提及Apple Inc.，AAPL；政策角度：政策含义不明确，主题：other。原话：「Apple News promotes left-leaning media outlets — as it shuts out conservative sites entirely: study: https://nypost.com/2026/02/10/business…」（投资相关性 2/5）。,"On 2026-02-11, Trump made a neutral reference to Apple Inc. (AAPL) via social media. Policy angle: unknown; themes: other. Quote: ""Apple News promotes left-leaning media outlets — as it shuts out conservative sites entirely: study: https://nypost.com/2026/02/10/business…"" (investment relevance 2/5).",4,
6f94863d3d64,2026-02-08,Donald J. Trump,Truth Social post (2026-02-08),https://truthsocial.com/@realDonaldTrump/116037628806861509,social_media,high,Great job by Michael and Susan Dell on https://InvestAmerica.org — These are truly spectacular people!,迈克尔和苏珊·戴尔在 https://InvestAmerica.org 上的出色表现 — 他们真是了不起的人！,,,Dell,Dell Technologies Inc.,DELL,NYSE,public,Technology — Hardware,other,positive,unknown,3,2026-02-08，特朗普在社交媒体发帖中正面提及Dell Technologies Inc.，DELL；政策角度：政策含义不明确，主题：other。原话：「Great job by Michael and Susan Dell on https://InvestAmerica.org — These are truly spectacular people!」（投资相关性 3/5）。,"On 2026-02-08, Trump made a positive reference to Dell Technologies Inc. (DELL) via social media. Policy angle: unknown; themes: other. Quote: ""Great job by Michael and Susan Dell on https://InvestAmerica.org — These are truly spectacular people!"" (investment relevance 3/5).",4,
3614abe88a93,2026-02-01,Donald J. Trump,Truth Social post (2026-02-01),https://truthsocial.com/@realDonaldTrump/115995786512051662,social_media,high,"US steel production exceeds Japan's for first time in 26 years: Trump tariffs, AI data center construction boom lifted industry in 2025: https://asia.nikkei.com/business/materials/us-steel-production-exceeds-japan-s-for-first-time-in-26-years/",美国钢铁产量26年来首次超过日本：特朗普关税、人工智能数据中心建设热潮提振2025年行业：https://asia.nikkei.com/business/materials/us-steel-product-exceeds-japan-s-for-first-time-in-26-years/,,,US steel,United States Steel Corporation,X,NYSE,public,Steel / Materials,AI|data_center,neutral,tariff,5,"2026-02-01，特朗普在社交媒体发帖中中性提及United States Steel Corporation，X；政策角度：关税，主题：AI/data_center。原话：「US steel production exceeds Japan's for first time in 26 years: Trump tariffs, AI data center construction boom lifted industry in 2025: ht…」（投资相关性 5/5）。","On 2026-02-01, Trump made a neutral reference to United States Steel Corporation (X) via social media. Policy angle: tariff; themes: AI, data_center. Quote: ""US steel production exceeds Japan's for first time in 26 years: Trump tariffs, AI data center construction boom lifted industry in 2025: ht…"" (investment relevance 5/5).",4,
670a4d14ff2f,2026-01-23,Donald J. Trump,Truth Social post (2026-01-23),https://truthsocial.com/@realDonaldTrump/115946969970832896,social_media,high,General Motors to move Buick Envision SUV production from China to the United States:https://www.cbsnews.com/news/buick-envision-general-motors-propduction-us-china/,通用汽车将把别克昂科威SUV的生产从中国转移到美国：https://www.cbsnews.com/news/buick-envision-general-motors-propduction-us-china/,,,General Motors,General Motors Company,GM,NYSE,public,Automotive,other,neutral,unknown,2,2026-01-23，特朗普在社交媒体发帖中中性提及General Motors Company，GM；政策角度：政策含义不明确，主题：other。原话：「General Motors to move Buick Envision SUV production from China to the United States:https://www.cbsnews.com/news/buick-envision-general-mo…」（投资相关性 2/5）。,"On 2026-01-23, Trump made a neutral reference to General Motors Company (GM) via social media. Policy angle: unknown; themes: other. Quote: ""General Motors to move Buick Envision SUV production from China to the United States:https://www.cbsnews.com/news/buick-envision-general-mo…"" (investment relevance 2/5).",4,
34fff3431a38,2026-01-13,Donald J. Trump,"Trump on the U.S. 10% Intel stake (press gaggle, Joint Base Andrews)",https://www.tomshardware.com/tech-industry/trumps-cryptic-remark-states-apple-has-invested-in-intel-tells-press-apple-went-in-nvidia-went-in-a-lot-of-smart-people-went-in,news,high,"As soon as we went in, Apple went in, Nvidia went in, a lot of smart people went in.",我们一进去，苹果进去了，英伟达进去了，很多聪明人进去了。,"And I said I'll help you, but I want 10% of your company to go to the United States of America.",,Nvidia,NVIDIA Corporation,NVDA,NASDAQ,public,Semiconductors,other,positive,unknown,3,"2026-01-13，特朗普在新闻报道引语中正面提及NVIDIA Corporation，NVDA；政策角度：政策含义不明确，主题：other。原话：「As soon as we went in, Apple went in, Nvidia went in, a lot of smart people went in.」（投资相关性 3/5）。","On 2026-01-13, Trump made a positive reference to NVIDIA Corporation (NVDA) via news. Policy angle: unknown; themes: other. Quote: ""As soon as we went in, Apple went in, Nvidia went in, a lot of smart people went in."" (investment relevance 3/5).",4,
15fec049b44e,2026-01-13,Donald J. Trump,"Trump on the U.S. 10% Intel stake (press gaggle, Joint Base Andrews)",https://www.tomshardware.com/tech-industry/trumps-cryptic-remark-states-apple-has-invested-in-intel-tells-press-apple-went-in-nvidia-went-in-a-lot-of-smart-people-went-in,news,high,Intel came to see me; they needed help.,英特尔来找我；他们需要帮助。,,"And I said I'll help you, but I want 10% of your company to go to the United States of America.",Intel,Intel Corporation,INTC,NASDAQ,public,Semiconductors,other,neutral,unknown,2,2026-01-13，特朗普在新闻报道引语中中性提及Intel Corporation，INTC；政策角度：政策含义不明确，主题：other。原话：「Intel came to see me; they needed help.」（投资相关性 2/5）。,"On 2026-01-13, Trump made a neutral reference to Intel Corporation (INTC) via news. Policy angle: unknown; themes: other. Quote: ""Intel came to see me; they needed help."" (investment relevance 2/5).",4,
1050f4ebb817,2026-01-13,Donald J. Trump,"Trump on the U.S. 10% Intel stake (press gaggle, Joint Base Andrews)",https://www.tomshardware.com/tech-industry/trumps-cryptic-remark-states-apple-has-invested-in-intel-tells-press-apple-went-in-nvidia-went-in-a-lot-of-smart-people-went-in,news,high,"As soon as we went in, Apple went in, Nvidia went in, a lot of smart people went in.",我们一进去，苹果进去了，英伟达进去了，很多聪明人进去了。,"And I said I'll help you, but I want 10% of your company to go to the United States of America.",,Apple,Apple Inc.,AAPL,NASDAQ,public,Technology — Consumer Electronics,other,positive,unknown,3,"2026-01-13，特朗普在新闻报道引语中正面提及Apple Inc.，AAPL；政策角度：政策含义不明确，主题：other。原话：「As soon as we went in, Apple went in, Nvidia went in, a lot of smart people went in.」（投资相关性 3/5）。","On 2026-01-13, Trump made a positive reference to Apple Inc. (AAPL) via news. Policy angle: unknown; themes: other. Quote: ""As soon as we went in, Apple went in, Nvidia went in, a lot of smart people went in."" (investment relevance 3/5).",4,
55dc431a13e4,2026-01-12,Donald J. Trump,Truth Social post (2026-01-12),https://truthsocial.com/@realDonaldTrump/115884759090137876,social_media,high,"First up is Microsoft, who my team has been working with, and which will make major changes beginning this week to ensure that Americans don't ""pick up the tab"" for their POWER consumption, in the form of paying higher Utility bills.",首先是微软，我的团队一直在与微软合作，它将从本周开始做出重大改变，以确保美国人不会以支付更高的公用事业账单的形式为他们的电力消耗“买单”。,"Therefore, my Administration is working with major American Technology Companies to secure their commitment to the American People, and we will have much to announce in the coming weeks.","We are the ""HOTTEST"" Country in the World, and Number One in AI.",Microsoft,Microsoft Corporation,MSFT,NASDAQ,public,Technology — Software,AI,neutral,unknown,5,"2026-01-12，特朗普在社交媒体发帖中中性提及Microsoft Corporation，MSFT；政策角度：政策含义不明确，主题：AI。原话：「First up is Microsoft, who my team has been working with, and which will make major changes beginning this week to ensure that Americans do…」（投资相关性 5/5）。","On 2026-01-12, Trump made a neutral reference to Microsoft Corporation (MSFT) via social media. Policy angle: unknown; themes: AI. Quote: ""First up is Microsoft, who my team has been working with, and which will make major changes beginning this week to ensure that Americans do…"" (investment relevance 5/5).",4,"Same source also mentions company: ""Thank you, and congratulations to Microsoft."""
87e812ecc562,2026-01-12,Donald J. Trump,Truth Social post (2026-01-12),https://truthsocial.com/@realDonaldTrump/115882511750475574,social_media,high,"Congratulations to DINA POWELL MCCORMICK, WHO HAS JUST BEEN NAMED THE NEW PRESIDENT OF META.",祝贺迪娜·鲍威尔·麦考密克刚刚被任命为​​ META 新任主席。,,A great choice by Mark Z!!!,META,"Meta Platforms, Inc.",META,NASDAQ,public,Technology — Internet,other,positive,unknown,3,"2026-01-12，特朗普在社交媒体发帖中正面提及Meta Platforms, Inc.，META；政策角度：政策含义不明确，主题：other。原话：「Congratulations to DINA POWELL MCCORMICK, WHO HAS JUST BEEN NAMED THE NEW PRESIDENT OF META.」（投资相关性 3/5）。","On 2026-01-12, Trump made a positive reference to Meta Platforms, Inc. (META) via social media. Policy angle: unknown; themes: other. Quote: ""Congratulations to DINA POWELL MCCORMICK, WHO HAS JUST BEEN NAMED THE NEW PRESIDENT OF META."" (investment relevance 3/5).",4,
88df4727b4dc,2026-01-08,Donald J. Trump,Truth Social post (2026-01-08),https://truthsocial.com/@realDonaldTrump/115861537483492504,social_media,high,"Intel just launched the first SUB 2 NANOMETER CPU PROCESSOR designed, built, and packaged right here in the U.S.A. The United States Government is proud to be a Shareholder of Intel, and has already made, through its U.S.A. ownership position, Tens of Billions of Dollars for the American People — IN JUST FOUR MONTHS.",英特尔刚刚推出了第一款在美国设计、制造和封装的 SUB 2 纳米 CPU 处理器。美国政府很自豪能够成为英特尔的股东，并且已经通过其美国所有权地位，在短短四个月内为美国人民创造了数百亿美元。,"I just finished a great meeting with the very successful Intel CEO, Lip-Bu Tan.","We made a GREAT Deal, and so did Intel.",Intel,Intel Corporation,INTC,NASDAQ,public,Semiconductors,semiconductor,positive,unknown,5,"2026-01-08，特朗普在社交媒体发帖中正面提及Intel Corporation，INTC；政策角度：政策含义不明确，主题：semiconductor。原话：「Intel just launched the first SUB 2 NANOMETER CPU PROCESSOR designed, built, and packaged right here in the U.S.A. The United States Govern…」（投资相关性 5/5）。","On 2026-01-08, Trump made a positive reference to Intel Corporation (INTC) via social media. Policy angle: unknown; themes: semiconductor. Quote: ""Intel just launched the first SUB 2 NANOMETER CPU PROCESSOR designed, built, and packaged right here in the U.S.A. The United States Govern…"" (investment relevance 5/5).",4,"Same source also mentions company: ""I just finished a great meeting with the very successful Intel CEO, Lip-Bu Tan."" | Same source also mentions company: ""We made a GREAT Deal, and so did Intel."""
6321fa496e4b,2026-01-07,Donald J. Trump,"Interview with Zolan Kanno-Youngs, Tyler Pager, Katie Rogers, and David E. Sanger of the New York Times",https://www.presidency.ucsb.edu/documents/interview-with-zolan-kanno-youngs-tyler-pager-katie-rogers-and-david-e-sanger-the-new-york,white_house,high,"The chairman of the board of Intel looked at me, says, 'You have a deal.",英特尔董事会主席看着我说：‘你们达成了协议。,"I said, 'Give the United States of America 10 percent of Intel.","We made, like, $40 billion off that deal in a short period of time.",Intel,Intel Corporation,INTC,NASDAQ,public,Semiconductors,other,neutral,unknown,2,"2026-01-07，特朗普在白宫官方讲话中中性提及Intel Corporation，INTC；政策角度：政策含义不明确，主题：other。原话：「The chairman of the board of Intel looked at me, says, 'You have a deal.」（投资相关性 2/5）。","On 2026-01-07, Trump made a neutral reference to Intel Corporation (INTC) via white house. Policy angle: unknown; themes: other. Quote: ""The chairman of the board of Intel looked at me, says, 'You have a deal."" (investment relevance 2/5).",4,"Same source also mentions company: ""Uh, I, well, Intel."" | Same source also mentions company: ""I have so many examples, I could go one after — Intel came in."" | Same source also mentions company: ""I said, 'Give the United States of America 10 percent of Intel."""
474a4060e717,2025-12-30,Donald J. Trump,Truth Social post (2025-12-30),https://truthsocial.com/@realDonaldTrump/115810597668691530,social_media,high,Amazon to invest up to $50B to build AI infrastructure for US government agencies: https://www.foxbusiness.com/markets/amazon-invest-up-50b-build-ai-infrastructure-us-government-agencies,亚马逊将投资高达 50B 美元为美国政府机构建设人工智能基础设施：https://www.foxbusiness.com/markets/amazon-invest-up-50b-build-ai-infrastruct-us-government-agcies,,,Amazon,"Amazon.com, Inc.",AMZN,NASDAQ,public,Technology — E-commerce / Cloud,AI|infrastructure,neutral,unknown,5,"2025-12-30，特朗普在社交媒体发帖中中性提及Amazon.com, Inc.，AMZN；政策角度：政策含义不明确，主题：AI/infrastructure。原话：「Amazon to invest up to $50B to build AI infrastructure for US government agencies: https://www.foxbusiness.com/markets/amazon-invest-up-50b…」（投资相关性 5/5）。","On 2025-12-30, Trump made a neutral reference to Amazon.com, Inc. (AMZN) via social media. Policy angle: unknown; themes: AI, infrastructure. Quote: ""Amazon to invest up to $50B to build AI infrastructure for US government agencies: https://www.foxbusiness.com/markets/amazon-invest-up-50b…"" (investment relevance 5/5).",4,
3f33a0842b38,2025-12-08,Donald J. Trump,Truth Social post (2025-12-08),https://truthsocial.com/@realDonaldTrump/115686072737425841,social_media,high,"I have informed President Xi, of China, that the United States will allow NVIDIA to ship its H200 products to approved customers in China, and other Countries, under conditions that allow for continued strong National Security.",我已通知中国习主席，美国将允许 NVIDIA 在确保持续强大的国家安全的条件下向中国和其他国家/地区的批准客户运送其 H200 产品。,,President Xi responded positively! $25% will be paid to the United States of America.,NVIDIA,NVIDIA Corporation,NVDA,NASDAQ,public,Semiconductors,other,positive,national_security,5,"2025-12-08，特朗普在社交媒体发帖中正面提及NVIDIA Corporation，NVDA；政策角度：国家安全，主题：other。原话：「I have informed President Xi, of China, that the United States will allow NVIDIA to ship its H200 products to approved customers in China, …」（投资相关性 5/5）。","On 2025-12-08, Trump made a positive reference to NVIDIA Corporation (NVDA) via social media. Policy angle: national security; themes: other. Quote: ""I have informed President Xi, of China, that the United States will allow NVIDIA to ship its H200 products to approved customers in China, …"" (investment relevance 5/5).",4,"Same source also mentions company: ""NVIDIA's U.S. Customers are already moving forward with their incredible, highly advanced Blackwell chips, and soon, Rubin, neither of which are part of this deal."""
13b24c9e1f3d,2025-12-08,Donald J. Trump,Truth Social post (2025-12-08),https://truthsocial.com/@realDonaldTrump/115686072737425841,social_media,high,"The Department of Commerce is finalizing the details, and the same approach will apply to AMD, Intel, and other GREAT American Companies.",商务部正在敲定细节，同样的方法将适用于 AMD、英特尔和其他伟大的美国公司。,My Administration will always put America FIRST.,MAKE AMERICA GREAT AGAIN!,Intel,Intel Corporation,INTC,NASDAQ,public,Semiconductors,other,positive,unknown,3,"2025-12-08，特朗普在社交媒体发帖中正面提及Intel Corporation，INTC；政策角度：政策含义不明确，主题：other。原话：「The Department of Commerce is finalizing the details, and the same approach will apply to AMD, Intel, and other GREAT American Companies.」（投资相关性 3/5）。","On 2025-12-08, Trump made a positive reference to Intel Corporation (INTC) via social media. Policy angle: unknown; themes: other. Quote: ""The Department of Commerce is finalizing the details, and the same approach will apply to AMD, Intel, and other GREAT American Companies."" (investment relevance 3/5).",4,
fb417c7431fa,2025-12-08,Donald J. Trump,Truth Social post (2025-12-08),https://truthsocial.com/@realDonaldTrump/115684406134734247,social_media,high,"Too much work, not enough time, and her ideas are, NOW, really BAD - She sort of reminds me of a Rotten Apple!",太多的工作，没有足够的时间，而她的想法现在真的很糟糕 - 她有点让我想起烂苹果！,"The only reason Marjorie ""Traitor"" Brown (Green turns Brown under stress!) went BAD is that she was JILTED by the President of the United States (Certainly not the first time she has been jilted!).","Marjorie is not AMERICA FIRST or MAGA, because nobody could have changed her views so fast, and her new views are those of a very dumb person.",Apple,Apple Inc.,AAPL,NASDAQ,public,Technology — Consumer Electronics,other,negative,unknown,3,"2025-12-08，特朗普在社交媒体发帖中负面提及Apple Inc.，AAPL；政策角度：政策含义不明确，主题：other。原话：「Too much work, not enough time, and her ideas are, NOW, really BAD - She sort of reminds me of a Rotten Apple!」（投资相关性 3/5）。","On 2025-12-08, Trump made a negative reference to Apple Inc. (AAPL) via social media. Policy angle: unknown; themes: other. Quote: ""Too much work, not enough time, and her ideas are, NOW, really BAD - She sort of reminds me of a Rotten Apple!"" (investment relevance 3/5).",4,
6f34f996cd83,2025-12-08,Donald J. Trump,Truth Social post (2025-12-08),https://truthsocial.com/@realDonaldTrump/115686072737425841,social_media,high,"The Department of Commerce is finalizing the details, and the same approach will apply to AMD, Intel, and other GREAT American Companies.",商务部正在敲定细节，同样的方法将适用于 AMD、英特尔和其他伟大的美国公司。,My Administration will always put America FIRST.,MAKE AMERICA GREAT AGAIN!,AMD,"Advanced Micro Devices, Inc.",AMD,NASDAQ,public,Semiconductors,other,positive,unknown,3,"2025-12-08，特朗普在社交媒体发帖中正面提及Advanced Micro Devices, Inc.，AMD；政策角度：政策含义不明确，主题：other。原话：「The Department of Commerce is finalizing the details, and the same approach will apply to AMD, Intel, and other GREAT American Companies.」（投资相关性 3/5）。","On 2025-12-08, Trump made a positive reference to Advanced Micro Devices, Inc. (AMD) via social media. Policy angle: unknown; themes: other. Quote: ""The Department of Commerce is finalizing the details, and the same approach will apply to AMD, Intel, and other GREAT American Companies."" (investment relevance 3/5).",4,
52b6ede3f323,2025-12-02,Donald J. Trump,Truth Social post (2025-12-02),https://truthsocial.com/@realDonaldTrump/115650314096956008,social_media,high,I LOVE DELL!!!,我爱戴尔！！！,TWO GREAT PEOPLE.,President DJThttps://www.newsmax.com/us/michael-dell-donate-trump-accounts/2025/12/02/id/1236720/,DELL,Dell Technologies Inc.,DELL,NYSE,public,Technology — Hardware,other,positive,unknown,3,2025-12-02，特朗普在社交媒体发帖中正面提及Dell Technologies Inc.，DELL；政策角度：政策含义不明确，主题：other。原话：「I LOVE DELL!!!」（投资相关性 3/5）。,"On 2025-12-02, Trump made a positive reference to Dell Technologies Inc. (DELL) via social media. Policy angle: unknown; themes: other. Quote: ""I LOVE DELL!!!"" (investment relevance 3/5).",4,
d682b372379e,2025-08-11,Donald J. Trump,The President's News Conference,https://www.presidency.ucsb.edu/documents/the-presidents-news-conference-1272,white_house,high,"And I deal with Jensen, who is a great guy, and Nvidia.",我和 Jensen 打交道，他是一个很棒的人，还有 Nvidia。,That's—this is an old chip that China already has.,"The chip that we're talking about, the H20, it's—it's an old chip.",Nvidia,NVIDIA Corporation,NVDA,NASDAQ,public,Semiconductors,semiconductor,positive,unknown,5,"2025-08-11，特朗普在白宫官方讲话中正面提及NVIDIA Corporation，NVDA；政策角度：政策含义不明确，主题：semiconductor。原话：「And I deal with Jensen, who is a great guy, and Nvidia.」（投资相关性 5/5）。","On 2025-08-11, Trump made a positive reference to NVIDIA Corporation (NVDA) via white house. Policy angle: unknown; themes: semiconductor. Quote: ""And I deal with Jensen, who is a great guy, and Nvidia."" (investment relevance 5/5).",4,
b999ed791ab9,2025-07-16,Donald J. Trump,Trump says Coca-Cola agreed to use cane sugar (Truth Social),https://www.cbsnews.com/news/trump-coca-cola-real-cane-sugar-in-us-cola/,social_media,high,"I have been speaking to Coca-Cola about using REAL Cane Sugar in Coke in the United States, and they have agreed to do so.",我一直在与可口可乐公司讨论在美国的可口可乐中使用真正的蔗糖，他们已经同意这样做。,,I'd like to thank all of those in authority at Coca-Cola.,Coca-Cola,The Coca-Cola Company,KO,NYSE,public,Consumer Staples — Beverages,consumer,neutral,unknown,2,"2025-07-16，特朗普在社交媒体发帖中中性提及The Coca-Cola Company，KO；政策角度：政策含义不明确，主题：consumer。原话：「I have been speaking to Coca-Cola about using REAL Cane Sugar in Coke in the United States, and they have agreed to do so.」（投资相关性 2/5）。","On 2025-07-16, Trump made a neutral reference to The Coca-Cola Company (KO) via social media. Policy angle: unknown; themes: consumer. Quote: ""I have been speaking to Coca-Cola about using REAL Cane Sugar in Coke in the United States, and they have agreed to do so."" (investment relevance 2/5).",4,"Same source also mentions company: ""I'd like to thank all of those in authority at Coca-Cola."""
07f6c273965c,2025-07-10,Donald J. Trump,Trump touts Nvidia stock gain (Truth Social),https://www.cnbc.com/2025/07/10/nvidia-jensen-huang-donald-trump-4-trillion.html,social_media,high,NVIDIA IS UP 47% SINCE TRUMP TARIFFS.,自特朗普关税以来，NVIDIA 股价上涨 47%。,,USA is taking in Hundreds of Billions of Dollars in Tariffs.,NVIDIA,NVIDIA Corporation,NVDA,NASDAQ,public,Semiconductors,other,positive,tariff,5,2025-07-10，特朗普在社交媒体发帖中正面提及NVIDIA Corporation，NVDA；政策角度：关税，主题：other。原话：「NVIDIA IS UP 47% SINCE TRUMP TARIFFS.」（投资相关性 5/5）。,"On 2025-07-10, Trump made a positive reference to NVIDIA Corporation (NVDA) via social media. Policy angle: tariff; themes: other. Quote: ""NVIDIA IS UP 47% SINCE TRUMP TARIFFS."" (investment relevance 5/5).",4,
81018179d201,2025-05-16,Donald J. Trump,Interview with Bret Baier of Fox News,https://www.presidency.ucsb.edu/documents/interview-with-bret-baier-fox-news-0,white_house,high,People knew I was angry at Boeing.,人们知道我对波音很生气。,"Well, no, but your audience has to hear the answers.",A lot of people know.,Boeing,The Boeing Company,BA,NYSE,public,Aerospace & Defense,other,neutral,unknown,2,2025-05-16，特朗普在白宫官方讲话中中性提及The Boeing Company，BA；政策角度：政策含义不明确，主题：other。原话：「People knew I was angry at Boeing.」（投资相关性 2/5）。,"On 2025-05-16, Trump made a neutral reference to The Boeing Company (BA) via white house. Policy angle: unknown; themes: other. Quote: ""People knew I was angry at Boeing."" (investment relevance 2/5).",4,"Same source also mentions company: ""We have a problem with Boeing."""
d0b2832abf3c,2025-05-16,Donald J. Trump,Interview with Bret Baier of Fox News,https://www.presidency.ucsb.edu/documents/interview-with-bret-baier-fox-news-0,white_house,high,Where do they get this lawyer that would represent IBM and would represent ExxonMobil?,他们从哪里找到代表 IBM 和埃克森美孚的律师？,And they live outside of Butler in a little place.,"No, no, I know, I know, I know.",IBM,International Business Machines (IBM),IBM,NYSE,public,Technology — IT Services,other,neutral,unknown,2,2025-05-16，特朗普在白宫官方讲话中中性提及International Business Machines (IBM)，IBM；政策角度：政策含义不明确，主题：other。原话：「Where do they get this lawyer that would represent IBM and would represent ExxonMobil?」（投资相关性 2/5）。,"On 2025-05-16, Trump made a neutral reference to International Business Machines (IBM) (IBM) via white house. Policy angle: unknown; themes: other. Quote: ""Where do they get this lawyer that would represent IBM and would represent ExxonMobil?"" (investment relevance 2/5).",4,
e3d3db4100a9,2025-05-04,Donald J. Trump,"Interview with Kristin Welker of NBC News ""Meet the Press""",https://www.presidency.ucsb.edu/documents/interview-with-kristin-welker-nbc-news-meet-the-press,white_house,high,"Plant, after plant, after plant: Toyota, Honda, Ford, General Motors, Stellantis, I mean, nobody's ever seen anything like it.",一个又一个的工厂，又一个的工厂：丰田、本田、福特、通用汽车、Stellantis，我的意思是，没有人见过这样的事情。,"Let me tell you the other thing, very importantly—automobile companies.","And I don't like this, but it happens to be.",General Motors,General Motors Company,GM,NYSE,public,Automotive,manufacturing|auto,neutral,unknown,5,"2025-05-04，特朗普在白宫官方讲话中中性提及General Motors Company，GM；政策角度：政策含义不明确，主题：manufacturing/auto。原话：「Plant, after plant, after plant: Toyota, Honda, Ford, General Motors, Stellantis, I mean, nobody's ever seen anything like it.」（投资相关性 5/5）。","On 2025-05-04, Trump made a neutral reference to General Motors Company (GM) via white house. Policy angle: unknown; themes: manufacturing, auto. Quote: ""Plant, after plant, after plant: Toyota, Honda, Ford, General Motors, Stellantis, I mean, nobody's ever seen anything like it."" (investment relevance 5/5).",4,
57e897716572,2025-05-04,Donald J. Trump,"Interview with Kristin Welker of NBC News ""Meet the Press""",https://www.presidency.ucsb.edu/documents/interview-with-kristin-welker-nbc-news-meet-the-press,white_house,high,"Now, that's Apple building $500 billion worth of plants.",现在，苹果正在建造价值 5000 亿美元的工厂。,We've never had anything close.,They always built their plants in China.,Apple,Apple Inc.,AAPL,NASDAQ,public,Technology — Consumer Electronics,manufacturing,neutral,unknown,5,"2025-05-04，特朗普在白宫官方讲话中中性提及Apple Inc.，AAPL；政策角度：政策含义不明确，主题：manufacturing。原话：「Now, that's Apple building $500 billion worth of plants.」（投资相关性 5/5）。","On 2025-05-04, Trump made a neutral reference to Apple Inc. (AAPL) via white house. Policy angle: unknown; themes: manufacturing. Quote: ""Now, that's Apple building $500 billion worth of plants."" (investment relevance 5/5).",4,
c995cf8f84d3,2025-04-29,Donald J. Trump,Interview with Terry Moran of ABC News on the First 100 Days,https://www.presidency.ucsb.edu/documents/interview-with-terry-moran-abc-news-the-first-100-days,white_house,high,"Apple's putting up $500 billion, but that's only one of many companies.",苹果公司投入了 5000 亿美元，但这只是众多公司之一。,Everybody was ripping off our country.,Companies are flooding into our country right now.,Apple,Apple Inc.,AAPL,NASDAQ,public,Technology — Consumer Electronics,other,negative,unknown,3,"2025-04-29，特朗普在白宫官方讲话中负面提及Apple Inc.，AAPL；政策角度：政策含义不明确，主题：other。原话：「Apple's putting up $500 billion, but that's only one of many companies.」（投资相关性 3/5）。","On 2025-04-29, Trump made a negative reference to Apple Inc. (AAPL) via white house. Policy angle: unknown; themes: other. Quote: ""Apple's putting up $500 billion, but that's only one of many companies."" (investment relevance 3/5).",4,"Same source also mentions company: ""Not only Apple."""
4119633f56b1,2025-03-03,Donald J. Trump,Remarks announcing TSMC's $100B U.S. investment (Roosevelt Room),https://www.whitehouse.gov/articles/2025/03/another-historic-investment-secured-under-president-trump/,white_house,official,"Today, Taiwan Semiconductor is announcing that they will be investing at least $100 billion in new capital in the United States over the next short period of time to build state-of-the-art semiconductor manufacturing facilities.",今天，台积电宣布将在未来短时间内在美国投资至少 1000 亿美元新资本，建设最先进的半导体制造设施。,,"This $100 billion in new investment will go into building five cutting-edge fabrication facilities in the great state that we just discussed, Arizona, and will create thousands of jobs — many thousands of jobs, and they're high-paying jobs.",Taiwan Semiconductor,Taiwan Semiconductor Manufacturing Company (TSMC),TSM,NYSE (ADR),public,Semiconductors — Foundry,manufacturing|semiconductor,positive,manufacturing_reshoring,5,"2025-03-03，特朗普在白宫官方讲话中正面提及Taiwan Semiconductor Manufacturing Company (TSMC)，TSM；政策角度：制造业回流，主题：manufacturing/semiconductor。原话：「Today, Taiwan Semiconductor is announcing that they will be investing at least $100 billion in new capital in the United States over the ne…」（投资相关性 5/5）。","On 2025-03-03, Trump made a positive reference to Taiwan Semiconductor Manufacturing Company (TSMC) (TSM) via white house. Policy angle: manufacturing reshoring; themes: manufacturing, semiconductor. Quote: ""Today, Taiwan Semiconductor is announcing that they will be investing at least $100 billion in new capital in the United States over the ne…"" (investment relevance 5/5).",5,"Same source also mentions company: ""In total, today's announcement brings Taiwan Semiconductor's investment to about $165 billion."" | Also reported by: Trump announces Taiwanese chip giant's $100 billion investment (https://www.cbsnews.com/news/tsmc-taiwan-semiconductor-chips-trump-100-billion/)"
9300d464a6a6,2025-02-24,Donald J. Trump,Trump on Apple's $500 billion U.S. investment (Truth Social),https://www.axios.com/2025/02/24/apple-investment-trump-tim-cook,social_media,high,APPLE HAS JUST ANNOUNCED A RECORD 500 BILLION DOLLAR INVESTMENT IN THE UNITED STATES OF AMERICA.,Apple 刚刚宣布在美国投资创纪录的 5000 亿美元。,,"THE REASON, FAITH IN WHAT WE ARE DOING, WITHOUT WHICH, THEY WOULDN'T BE INVESTING TEN CENTS.",APPLE,Apple Inc.,AAPL,NASDAQ,public,Technology — Consumer Electronics,other,positive,manufacturing_reshoring,5,2025-02-24，特朗普在社交媒体发帖中正面提及Apple Inc.，AAPL；政策角度：制造业回流，主题：other。原话：「APPLE HAS JUST ANNOUNCED A RECORD 500 BILLION DOLLAR INVESTMENT IN THE UNITED STATES OF AMERICA.」（投资相关性 5/5）。,"On 2025-02-24, Trump made a positive reference to Apple Inc. (AAPL) via social media. Policy angle: manufacturing reshoring; themes: other. Quote: ""APPLE HAS JUST ANNOUNCED A RECORD 500 BILLION DOLLAR INVESTMENT IN THE UNITED STATES OF AMERICA."" (investment relevance 5/5).",4,"Same source also mentions company: ""THANK YOU TIM COOK AND APPLE!!"""
80e0483eecd0,2025-02-14,Donald J. Trump,"Interview With Sean Hannity of the Fox News Channel's ""Sean Hannity Show""",https://www.presidency.ucsb.edu/documents/interview-with-sean-hannity-the-fox-news-channels-sean-hannity-show,white_house,high,"I mean, they're actually in default—Boeing.",我的意思是，他们实际上是违约的——波音。,Now they're not building the plane fast enough.,They're supposed to—— Mr. Hannity.,Boeing,The Boeing Company,BA,NYSE,public,Aerospace & Defense,aerospace,neutral,unknown,5,"2025-02-14，特朗普在白宫官方讲话中中性提及The Boeing Company，BA；政策角度：政策含义不明确，主题：aerospace。原话：「I mean, they're actually in default—Boeing.」（投资相关性 5/5）。","On 2025-02-14, Trump made a neutral reference to The Boeing Company (BA) via white house. Policy angle: unknown; themes: aerospace. Quote: ""I mean, they're actually in default—Boeing."" (investment relevance 5/5).",4,
4591a0087595,2025-02-14,Donald J. Trump,"Interview With Sean Hannity of the Fox News Channel's ""Sean Hannity Show""",https://www.presidency.ucsb.edu/documents/interview-with-sean-hannity-the-fox-news-channels-sean-hannity-show,white_house,high,"In other words, because you do business—it was funny, when it came out the other day, that there was going to be, I think, $400 million—billion—I don't know if it was millions or billions—a lot of money on Teslas that Joe Biden's administration—did with Tesla, and—— Senior Adviser Musk.",换句话说，因为你做生意——很有趣的是，当有一天它出来的时候，我认为，乔·拜登政府和高级顾问马斯克将在特斯拉上投入 4 亿美元——十亿——我不知道是数百万还是数十亿——一大笔钱。,"I've got to ask this question, because the media is obsessed about it: What if there is a conflict?",I'm not familiar with that.,Tesla,"Tesla, Inc.",TSLA,NASDAQ,public,Automotive — EV,other,neutral,unknown,2,"2025-02-14，特朗普在白宫官方讲话中中性提及Tesla, Inc.，TSLA；政策角度：政策含义不明确，主题：other。原话：「In other words, because you do business—it was funny, when it came out the other day, that there was going to be, I think, $400 million—bil…」（投资相关性 2/5）。","On 2025-02-14, Trump made a neutral reference to Tesla, Inc. (TSLA) via white house. Policy angle: unknown; themes: other. Quote: ""In other words, because you do business—it was funny, when it came out the other day, that there was going to be, I think, $400 million—bil…"" (investment relevance 2/5).",4,"Same source also mentions company: ""I think people will think about Tesla."" | Same source also mentions company: ""Mr. Hannity. —— with PayPal and how you became involved in Tesla and SpaceX and Neuralink—and all these—— Senior Adviser Musk."" | Same source also mentions company: ""We watch the rocket ships, and we watch Tesla."" | Same source also mentions company: ""You were the chief engineer, for example—you were an early believer in Tesla."" | Same source also mentions company: ""Optimus, a part of Tesla."" | Same source also mentions company: ""It was some—it was a purchase order of Tesla vehicles."" | Same source also mentions company: ""Tesla is not getting $400 million for Cybertrucks."" | Same source also mentions company: ""There is—Tesla isn't getting $400 million."""
b37d6eb5f7e3,2025-02-14,Donald J. Trump,"Interview With Sean Hannity of the Fox News Channel's ""Sean Hannity Show""",https://www.presidency.ucsb.edu/documents/interview-with-sean-hannity-the-fox-news-channels-sean-hannity-show,white_house,high,Mr. Hannity. —— with PayPal and how you became involved in Tesla and SpaceX and Neuralink—and all these—— Senior Adviser Musk.,汉尼蒂先生。 —— PayPal 以及你如何参与特斯拉、SpaceX 和 Neuralink —— 以及所有这些 —— 高级顾问马斯克。,"Ah, okay.",This could take a while.,SpaceX,SpaceX,,,private,Aerospace — Launch,other,neutral,unknown,2,2025-02-14，特朗普在白宫官方讲话中中性提及SpaceX；政策角度：政策含义不明确，主题：other。原话：「Mr. Hannity. —— with PayPal and how you became involved in Tesla and SpaceX and Neuralink—and all these—— Senior Adviser Musk.」（投资相关性 2/5）。,"On 2025-02-14, Trump made a neutral reference to SpaceX via white house. Policy angle: unknown; themes: other. Quote: ""Mr. Hannity. —— with PayPal and how you became involved in Tesla and SpaceX and Neuralink—and all these—— Senior Adviser Musk."" (investment relevance 2/5).",4,"Same source also mentions company: ""SpaceX, same thing, which is unbelievable."" | Same source also mentions company: ""So, as long as we're not complacent—— SpaceX Rocket Launch When are they—when are you going to launch?"""
9bc5036e75f5,2025-02-07,Donald J. Trump,The President's News Conference With Prime Minister Shigeru Ishiba of Japan,https://www.presidency.ucsb.edu/documents/the-presidents-news-conference-with-prime-minister-shigeru-ishiba-japan,white_house,high,"And U.S. Steel will make products which will contribute not only to the United States and Japan, but also to the whole world.",美国钢铁公司生产的产品不仅对美国和日本有贡献，而且对全世界也有贡献。,"So the Japanese technology will be provided, and the better quality products will be manufactured in the United States.",It is not one-sided.,U.S. Steel,United States Steel Corporation,X,NYSE,public,Steel / Materials,manufacturing,neutral,unknown,5,"2025-02-07，特朗普在白宫官方讲话中中性提及United States Steel Corporation，X；政策角度：政策含义不明确，主题：manufacturing。原话：「And U.S. Steel will make products which will contribute not only to the United States and Japan, but also to the whole world.」（投资相关性 5/5）。","On 2025-02-07, Trump made a neutral reference to United States Steel Corporation (X) via white house. Policy angle: unknown; themes: manufacturing. Quote: ""And U.S. Steel will make products which will contribute not only to the United States and Japan, but also to the whole world."" (investment relevance 5/5).",4,"Same source also mentions company: ""Toyota is one, and Nissan is going to be doing something very exciting about—about U.S. Steel."" | Same source also mentions company: ""U.S. Steel is a very important company to us."" | Same source also mentions company: ""So they've agreed to invest heavily in U.S. Steel, as opposed to own it."" | Same source also mentions company: ""On the economic field, there is the acquisition of U.S. Steel by Nippon Steel."" | Same source also mentions company: ""So, be it with U.S. Steel, as Mr. President says, it is not acquisition."" | Same source also mentions company: ""U.S. Steel Corporation Edward Lawrence from Fox Business."" | Same source also mentions company: ""I wanted to ask you about that U.S. Steel deal."" | Same source also mentions company: ""And for the Prime Minister, what was your argument to the President related to U.S. Steel?"""
665eefa4486f,2025-02-07,Donald J. Trump,The President's News Conference With Prime Minister Shigeru Ishiba of Japan,https://www.presidency.ucsb.edu/documents/the-presidents-news-conference-with-prime-minister-shigeru-ishiba-japan,white_house,high,"As a result of our victory in 2024, the Presidential election, the Japanese investment and technology giant SoftBank announced plans to invest between $100 and $200 billion.",由于我们在 2024 年总统选举中获胜，日本投资和科技巨头软银宣布计划投资 100 至 2000 亿美元。,I think our—the feeling throughout the world has never been stronger about this country.,"We have many other companies investing that number, higher than that number.",SoftBank,SoftBank Group Corp.,9984.T,Tokyo,public,Conglomerate / Investment,other,neutral,unknown,2,"2025-02-07，特朗普在白宫官方讲话中中性提及SoftBank Group Corp.，9984.T；政策角度：政策含义不明确，主题：other。原话：「As a result of our victory in 2024, the Presidential election, the Japanese investment and technology giant SoftBank announced plans to inv…」（投资相关性 2/5）。","On 2025-02-07, Trump made a neutral reference to SoftBank Group Corp. (9984.T) via white house. Policy angle: unknown; themes: other. Quote: ""As a result of our victory in 2024, the Presidential election, the Japanese investment and technology giant SoftBank announced plans to inv…"" (investment relevance 2/5).",4,
b4f6e0bd46a1,2025-02-07,Donald J. Trump,The President's News Conference With Prime Minister Shigeru Ishiba of Japan,https://www.presidency.ucsb.edu/documents/the-presidents-news-conference-with-prime-minister-shigeru-ishiba-japan,white_house,high,"On the economic field, there is the acquisition of U.S. Steel by Nippon Steel.",经济领域，有新日铁收购美国钢铁公司。,And what kind of understanding were you able to obtain?,And there are expansion of import of LNG.,Nippon Steel,Nippon Steel Corporation,5401.T,Tokyo,public,Steel / Materials,energy,neutral,unknown,5,"2025-02-07，特朗普在白宫官方讲话中中性提及Nippon Steel Corporation，5401.T；政策角度：政策含义不明确，主题：energy。原话：「On the economic field, there is the acquisition of U.S. Steel by Nippon Steel.」（投资相关性 5/5）。","On 2025-02-07, Trump made a neutral reference to Nippon Steel Corporation (5401.T) via white house. Policy angle: unknown; themes: energy. Quote: ""On the economic field, there is the acquisition of U.S. Steel by Nippon Steel."" (investment relevance 5/5).",4,
2ccd2e3e45b6,2024-12-02,Donald J. Trump,Trump vows to block Nippon Steel's bid for U.S. Steel (Truth Social),https://www.cnn.com/2024/12/02/business/trump-block-us-nippon-steel-hnk-intl/index.html,social_media,high,"I am totally against the once great and powerful U.S. Steel being bought by a foreign company, in this case Nippon Steel of Japan.",我完全反对曾经伟大而强大的美国钢铁公司被外国公司收购，这就是日本的新日铁公司。,,"As President, I will block this deal from happening.",U.S. Steel,United States Steel Corporation,X,NYSE,public,Steel / Materials,other,mixed,national_security,5,"2024-12-02，特朗普在社交媒体发帖中褒贬不一提及United States Steel Corporation，X；政策角度：国家安全，主题：other。原话：「I am totally against the once great and powerful U.S. Steel being bought by a foreign company, in this case Nippon Steel of Japan.」（投资相关性 5/5）。","On 2024-12-02, Trump made a mixed reference to United States Steel Corporation (X) via social media. Policy angle: national security; themes: other. Quote: ""I am totally against the once great and powerful U.S. Steel being bought by a foreign company, in this case Nippon Steel of Japan."" (investment relevance 5/5).",4,
ae77f2d8e06c,2024-12-02,Donald J. Trump,Trump vows to block Nippon Steel's bid for U.S. Steel (Truth Social),https://www.cnn.com/2024/12/02/business/trump-block-us-nippon-steel-hnk-intl/index.html,social_media,high,"I am totally against the once great and powerful U.S. Steel being bought by a foreign company, in this case Nippon Steel of Japan.",我完全反对曾经伟大而强大的美国钢铁公司被外国公司收购，这就是日本的新日铁公司。,,"As President, I will block this deal from happening.",Nippon Steel,Nippon Steel Corporation,5401.T,Tokyo,public,Steel / Materials,other,mixed,national_security,5,"2024-12-02，特朗普在社交媒体发帖中褒贬不一提及Nippon Steel Corporation，5401.T；政策角度：国家安全，主题：other。原话：「I am totally against the once great and powerful U.S. Steel being bought by a foreign company, in this case Nippon Steel of Japan.」（投资相关性 5/5）。","On 2024-12-02, Trump made a mixed reference to Nippon Steel Corporation (5401.T) via social media. Policy angle: national security; themes: other. Quote: ""I am totally against the once great and powerful U.S. Steel being bought by a foreign company, in this case Nippon Steel of Japan."" (investment relevance 5/5).",4,
fa9f6aee2370,2024-10-25,Donald J. Trump,"Interview on ""The Joe Rogan Experience""",https://www.presidency.ucsb.edu/documents/interview-the-joe-rogan-experience,white_house,high,"If you had money in Europe, like Apple, Apple had many billions of dollars outside.",如果你在欧洲有钱，就像苹果一样，那么苹果在国外也有数十亿美元。,You couldn't—you couldn't bring back your money.,They couldn't bring it.,Apple,Apple Inc.,AAPL,NASDAQ,public,Technology — Consumer Electronics,other,neutral,unknown,2,"2024-10-25，特朗普在白宫官方讲话中中性提及Apple Inc.，AAPL；政策角度：政策含义不明确，主题：other。原话：「If you had money in Europe, like Apple, Apple had many billions of dollars outside.」（投资相关性 2/5）。","On 2024-10-25, Trump made a neutral reference to Apple Inc. (AAPL) via white house. Policy angle: unknown; themes: other. Quote: ""If you had money in Europe, like Apple, Apple had many billions of dollars outside."" (investment relevance 2/5).",4,"Same source also mentions company: ""Apple took in hundreds of billions of dollars."""
a18cde3a4d9a,2024-10-25,Donald J. Trump,"Interview on ""The Joe Rogan Experience""",https://www.presidency.ucsb.edu/documents/interview-the-joe-rogan-experience,white_house,high,"But he said, ""This McDonald's thing, I want to tell you, it's one of the biggest things we've ever had on Google.",但他说：“我想告诉你，麦当劳的事情是我们在谷歌上做过的最重要的事情之一。,"It was one of the— ROGAN: It was funny, TRUMP: Who's a great guy, by the way.",It just hit.,Google,Alphabet Inc. (Google),GOOGL,NASDAQ,public,Technology — Internet,other,positive,unknown,3,"2024-10-25，特朗普在白宫官方讲话中正面提及Alphabet Inc. (Google)，GOOGL；政策角度：政策含义不明确，主题：other。原话：「But he said, ""This McDonald's thing, I want to tell you, it's one of the biggest things we've ever had on Google.」（投资相关性 3/5）。","On 2024-10-25, Trump made a positive reference to Alphabet Inc. (Google) (GOOGL) via white house. Policy angle: unknown; themes: other. Quote: ""But he said, ""This McDonald's thing, I want to tell you, it's one of the biggest things we've ever had on Google."" (investment relevance 3/5).",4,"Same source also mentions company: ""And I actually got a call from your friends at Google, from Sundar."""
485afcbb10e6,2016-12-06,Donald J. Trump,Trump: cancel the Boeing Air Force One order (Twitter),https://www.politifact.com/factchecks/2016/dec/06/donald-trump/fact-checking-donald-trumps-tweet-air-force-one-bo/,social_media,high,"Boeing is building a brand new 747 Air Force One for future presidents, but costs are out of control, more than $4 billion.",波音公司正在为未来的总统建造一架全新的 747 空军一号，但成本已经失控，超过 40 亿美元。,,Cancel order!,Boeing,The Boeing Company,BA,NYSE,public,Aerospace & Defense,defense|aerospace,negative,government_contract,5,"2016-12-06，特朗普在社交媒体发帖中负面提及The Boeing Company，BA；政策角度：政府采购/合同，主题：defense/aerospace。原话：「Boeing is building a brand new 747 Air Force One for future presidents, but costs are out of control, more than $4 billion.」（投资相关性 5/5）。","On 2016-12-06, Trump made a negative reference to The Boeing Company (BA) via social media. Policy angle: government contract; themes: defense, aerospace. Quote: ""Boeing is building a brand new 747 Air Force One for future presidents, but costs are out of control, more than $4 billion."" (investment relevance 5/5).",4,
